,Correlation,Predictor
2,0.8389956241358594,Quiz
0,0.7138698826683786,Midterm
1,0.5885708746560305,Homework
